{"GFLOPs": 0.0002010885, "graph": {"_type": "graph-file", "sha256": "a9be6166259ce3fb580d9711b3d35f9667cc5fb0fb07a39a146333ba1679509d", "size": 1199, "path": "media/graph/graph_summary_a9be6166259ce3fb580d.graph.json"}, "epoch": 9, "_timestamp": 1661426407.530189, "_runtime": 213.87202095985413, "loss": 0.6890817284584045, "accuracy": 0.5215250253677368, "_step": 9, "_wandb": {"runtime": 210}}