{"GFLOPs": 0.0002010885, "graph": {"_type": "graph-file", "sha256": "980eca735930a0d9ac39bc59c158d322124191f4e4825dbfb13909a16b8693d1", "size": 1231, "path": "media/graph/graph_summary_980eca735930a0d9ac39.graph.json"}, "epoch": 9, "_timestamp": 1661426182.838166, "_runtime": 166.93981003761292, "loss": 0.6886324286460876, "accuracy": 0.5222499966621399, "_step": 9, "_wandb": {"runtime": 161}}